id,name,email,region,segment,churn_status,created_at
C0001,Mary Brown,mary.brown@datastream.io,Europe,Mid-Market,Active,2023-02-02
C0002,John Davis,john.davis@hypergrowth.co,Asia,SMB,Active,2024-03-03
C0003,Patricia Wilson,patricia.wilson@apexanalytics.net,LATAM,Enterprise,Active,2025-04-04
C0004,Robert Taylor,robert.taylor@metrics.org,North America,Mid-Market,Active,2022-05-05
C0005,Jennifer Moore,jennifer.moore@synergycorp.com,Europe,SMB,Active,2023-06-06
C0006,Michael Williams,michael.williams@cloudtech.com,Asia,Enterprise,Active,2024-07-07
C0007,Linda Miller,linda.miller@datastream.io,LATAM,Mid-Market,Active,2025-08-08
C0008,William Rodriguez,william.rodriguez@hypergrowth.co,North America,SMB,Active,2022-09-09
C0009,Elizabeth Anderson,elizabeth.anderson@apexanalytics.net,Europe,Enterprise,Active,2023-10-10
C0010,David Hernandez,david.hernandez@metrics.org,Asia,Mid-Market,Active,2024-11-11
C0011,Barbara Johnson,barbara.johnson@synergycorp.com,LATAM,SMB,Active,2025-12-12
C0012,Richard Jones,richard.jones@cloudtech.com,North America,Enterprise,Active,2022-01-13
C0013,Susan Garcia,susan.garcia@datastream.io,Europe,Mid-Market,Active,2023-02-14
C0014,Joseph Martinez,joseph.martinez@hypergrowth.co,Asia,SMB,Active,2024-03-15
C0015,Jessica Thomas,jessica.thomas@apexanalytics.net,LATAM,Enterprise,Active,2025-04-16
C0016,James Smith,james.smith@metrics.org,North America,Mid-Market,Active,2022-05-17
C0017,Mary Brown,mary.brown@synergycorp.com,Europe,SMB,Churned,2023-06-18
C0018,John Davis,john.davis@cloudtech.com,Asia,Enterprise,Active,2024-07-19
C0019,Patricia Wilson,patricia.wilson@datastream.io,LATAM,Mid-Market,Active,2025-08-20
C0020,Robert Taylor,robert.taylor@hypergrowth.co,North America,SMB,Active,2022-09-21
C0021,Jennifer Moore,jennifer.moore@apexanalytics.net,Europe,Enterprise,Active,2023-10-22
C0022,Michael Williams,michael.williams@metrics.org,Asia,Mid-Market,Active,2024-11-23
C0023,Linda Miller,linda.miller@synergycorp.com,LATAM,SMB,Active,2025-12-24
C0024,William Rodriguez,william.rodriguez@cloudtech.com,North America,Enterprise,Active,2022-01-25
C0025,Elizabeth Anderson,elizabeth.anderson@datastream.io,Europe,Mid-Market,Active,2023-02-26
C0026,David Hernandez,david.hernandez@hypergrowth.co,Asia,SMB,Active,2024-03-27
C0027,Barbara Johnson,barbara.johnson@apexanalytics.net,LATAM,Enterprise,Active,2025-04-28
C0028,Richard Jones,richard.jones@metrics.org,North America,Mid-Market,Active,2022-05-01
C0029,Susan Garcia,susan.garcia@synergycorp.com,Europe,SMB,Active,2023-06-02
C0030,Joseph Martinez,joseph.martinez@cloudtech.com,Asia,Enterprise,Active,2024-07-03
C0031,Jessica Thomas,jessica.thomas@datastream.io,LATAM,Mid-Market,Active,2025-08-04
C0032,James Smith,james.smith@hypergrowth.co,North America,SMB,Active,2022-09-05
C0033,Mary Brown,mary.brown@apexanalytics.net,Europe,Enterprise,Active,2023-10-06
C0034,John Davis,john.davis@metrics.org,Asia,Mid-Market,Churned,2024-11-07
C0035,Patricia Wilson,patricia.wilson@synergycorp.com,LATAM,SMB,Active,2025-12-08
C0036,Robert Taylor,robert.taylor@cloudtech.com,North America,Enterprise,Active,2022-01-09
C0037,Jennifer Moore,jennifer.moore@datastream.io,Europe,Mid-Market,Active,2023-02-10
C0038,Michael Williams,michael.williams@hypergrowth.co,Asia,SMB,Active,2024-03-11
C0039,Linda Miller,linda.miller@apexanalytics.net,LATAM,Enterprise,Active,2025-04-12
C0040,William Rodriguez,william.rodriguez@metrics.org,North America,Mid-Market,Active,2022-05-13
C0041,Elizabeth Anderson,elizabeth.anderson@synergycorp.com,Europe,SMB,Active,2023-06-14
C0042,David Hernandez,david.hernandez@cloudtech.com,Asia,Enterprise,Active,2024-07-15
C0043,Barbara Johnson,barbara.johnson@datastream.io,LATAM,Mid-Market,Active,2025-08-16
C0044,Richard Jones,richard.jones@hypergrowth.co,North America,SMB,Active,2022-09-17
C0045,Susan Garcia,susan.garcia@apexanalytics.net,Europe,Enterprise,Active,2023-10-18
C0046,Joseph Martinez,joseph.martinez@metrics.org,Asia,Mid-Market,Active,2024-11-19
C0047,Jessica Thomas,jessica.thomas@synergycorp.com,LATAM,SMB,Active,2025-12-20
C0048,James Smith,james.smith@cloudtech.com,North America,Enterprise,Active,2022-01-21
C0049,Mary Brown,mary.brown@datastream.io,Europe,Mid-Market,Active,2023-02-22
C0050,John Davis,john.davis@hypergrowth.co,Asia,SMB,Active,2024-03-23
C0051,Patricia Wilson,patricia.wilson@apexanalytics.net,LATAM,Enterprise,Churned,2025-04-24
C0052,Robert Taylor,robert.taylor@metrics.org,North America,Mid-Market,Active,2022-05-25
C0053,Jennifer Moore,jennifer.moore@synergycorp.com,Europe,SMB,Active,2023-06-26
C0054,Michael Williams,michael.williams@cloudtech.com,Asia,Enterprise,Active,2024-07-27
C0055,Linda Miller,linda.miller@datastream.io,LATAM,Mid-Market,Active,2025-08-28
C0056,William Rodriguez,william.rodriguez@hypergrowth.co,North America,SMB,Active,2022-09-01
C0057,Elizabeth Anderson,elizabeth.anderson@apexanalytics.net,Europe,Enterprise,Active,2023-10-02
C0058,David Hernandez,david.hernandez@metrics.org,Asia,Mid-Market,Active,2024-11-03
C0059,Barbara Johnson,barbara.johnson@synergycorp.com,LATAM,SMB,Active,2025-12-04
C0060,Richard Jones,richard.jones@cloudtech.com,North America,Enterprise,Active,2022-01-05
C0061,Susan Garcia,susan.garcia@datastream.io,Europe,Mid-Market,Active,2023-02-06
C0062,Joseph Martinez,joseph.martinez@hypergrowth.co,Asia,SMB,Active,2024-03-07
C0063,Jessica Thomas,jessica.thomas@apexanalytics.net,LATAM,Enterprise,Active,2025-04-08
C0064,James Smith,james.smith@metrics.org,North America,Mid-Market,Active,2022-05-09
C0065,Mary Brown,mary.brown@synergycorp.com,Europe,SMB,Active,2023-06-10
C0066,John Davis,john.davis@cloudtech.com,Asia,Enterprise,Active,2024-07-11
C0067,Patricia Wilson,patricia.wilson@datastream.io,LATAM,Mid-Market,Active,2025-08-12
C0068,Robert Taylor,robert.taylor@hypergrowth.co,North America,SMB,Churned,2022-09-13
C0069,Jennifer Moore,jennifer.moore@apexanalytics.net,Europe,Enterprise,Active,2023-10-14
C0070,Michael Williams,michael.williams@metrics.org,Asia,Mid-Market,Active,2024-11-15
C0071,Linda Miller,linda.miller@synergycorp.com,LATAM,SMB,Active,2025-12-16
C0072,William Rodriguez,william.rodriguez@cloudtech.com,North America,Enterprise,Active,2022-01-17
C0073,Elizabeth Anderson,elizabeth.anderson@datastream.io,Europe,Mid-Market,Active,2023-02-18
C0074,David Hernandez,david.hernandez@hypergrowth.co,Asia,SMB,Active,2024-03-19
C0075,Barbara Johnson,barbara.johnson@apexanalytics.net,LATAM,Enterprise,Active,2025-04-20
C0076,Richard Jones,richard.jones@metrics.org,North America,Mid-Market,Active,2022-05-21
C0077,Susan Garcia,susan.garcia@synergycorp.com,Europe,SMB,Active,2023-06-22
C0078,Joseph Martinez,joseph.martinez@cloudtech.com,Asia,Enterprise,Active,2024-07-23
C0079,Jessica Thomas,jessica.thomas@datastream.io,LATAM,Mid-Market,Active,2025-08-24
C0080,James Smith,james.smith@hypergrowth.co,North America,SMB,Active,2022-09-25
C0081,Mary Brown,mary.brown@apexanalytics.net,Europe,Enterprise,Active,2023-10-26
C0082,John Davis,john.davis@metrics.org,Asia,Mid-Market,Active,2024-11-27
C0083,Patricia Wilson,patricia.wilson@synergycorp.com,LATAM,SMB,Active,2025-12-28
C0084,Robert Taylor,robert.taylor@cloudtech.com,North America,Enterprise,Active,2022-01-01
C0085,Jennifer Moore,jennifer.moore@datastream.io,Europe,Mid-Market,Churned,2023-02-02
C0086,Michael Williams,michael.williams@hypergrowth.co,Asia,SMB,Active,2024-03-03
C0087,Linda Miller,linda.miller@apexanalytics.net,LATAM,Enterprise,Active,2025-04-04
C0088,William Rodriguez,william.rodriguez@metrics.org,North America,Mid-Market,Active,2022-05-05
C0089,Elizabeth Anderson,elizabeth.anderson@synergycorp.com,Europe,SMB,Active,2023-06-06
C0090,David Hernandez,david.hernandez@cloudtech.com,Asia,Enterprise,Active,2024-07-07
C0091,Barbara Johnson,barbara.johnson@datastream.io,LATAM,Mid-Market,Active,2025-08-08
C0092,Richard Jones,richard.jones@hypergrowth.co,North America,SMB,Active,2022-09-09
C0093,Susan Garcia,susan.garcia@apexanalytics.net,Europe,Enterprise,Active,2023-10-10
C0094,Joseph Martinez,joseph.martinez@metrics.org,Asia,Mid-Market,Active,2024-11-11
C0095,Jessica Thomas,jessica.thomas@synergycorp.com,LATAM,SMB,Active,2025-12-12
C0096,James Smith,james.smith@cloudtech.com,North America,Enterprise,Active,2022-01-13
C0097,Mary Brown,mary.brown@datastream.io,Europe,Mid-Market,Active,2023-02-14
C0098,John Davis,john.davis@hypergrowth.co,Asia,SMB,Active,2024-03-15
C0099,Patricia Wilson,patricia.wilson@apexanalytics.net,LATAM,Enterprise,Active,2025-04-16
C0100,Robert Taylor,robert.taylor@metrics.org,North America,Mid-Market,Active,2022-05-17
C0101,Jennifer Moore,jennifer.moore@synergycorp.com,Europe,SMB,Active,2023-06-18
C0102,Michael Williams,michael.williams@cloudtech.com,Asia,Enterprise,Churned,2024-07-19
C0103,Linda Miller,linda.miller@datastream.io,LATAM,Mid-Market,Active,2025-08-20
C0104,William Rodriguez,william.rodriguez@hypergrowth.co,North America,SMB,Active,2022-09-21
C0105,Elizabeth Anderson,elizabeth.anderson@apexanalytics.net,Europe,Enterprise,Active,2023-10-22
C0106,David Hernandez,david.hernandez@metrics.org,Asia,Mid-Market,Active,2024-11-23
C0107,Barbara Johnson,barbara.johnson@synergycorp.com,LATAM,SMB,Active,2025-12-24
C0108,Richard Jones,richard.jones@cloudtech.com,North America,Enterprise,Active,2022-01-25
C0109,Susan Garcia,susan.garcia@datastream.io,Europe,Mid-Market,Active,2023-02-26
C0110,Joseph Martinez,joseph.martinez@hypergrowth.co,Asia,SMB,Active,2024-03-27
C0111,Jessica Thomas,jessica.thomas@apexanalytics.net,LATAM,Enterprise,Active,2025-04-28
C0112,James Smith,james.smith@metrics.org,North America,Mid-Market,Active,2022-05-01
C0113,Mary Brown,mary.brown@synergycorp.com,Europe,SMB,Active,2023-06-02
C0114,John Davis,john.davis@cloudtech.com,Asia,Enterprise,Active,2024-07-03
C0115,Patricia Wilson,patricia.wilson@datastream.io,LATAM,Mid-Market,Active,2025-08-04
C0116,Robert Taylor,robert.taylor@hypergrowth.co,North America,SMB,Active,2022-09-05
C0117,Jennifer Moore,jennifer.moore@apexanalytics.net,Europe,Enterprise,Active,2023-10-06
C0118,Michael Williams,michael.williams@metrics.org,Asia,Mid-Market,Active,2024-11-07
C0119,Linda Miller,linda.miller@synergycorp.com,LATAM,SMB,Churned,2025-12-08
C0120,William Rodriguez,william.rodriguez@cloudtech.com,North America,Enterprise,Active,2022-01-09
C0121,Elizabeth Anderson,elizabeth.anderson@datastream.io,Europe,Mid-Market,Active,2023-02-10
C0122,David Hernandez,david.hernandez@hypergrowth.co,Asia,SMB,Active,2024-03-11
C0123,Barbara Johnson,barbara.johnson@apexanalytics.net,LATAM,Enterprise,Active,2025-04-12
C0124,Richard Jones,richard.jones@metrics.org,North America,Mid-Market,Active,2022-05-13
C0125,Susan Garcia,susan.garcia@synergycorp.com,Europe,SMB,Active,2023-06-14
C0126,Joseph Martinez,joseph.martinez@cloudtech.com,Asia,Enterprise,Active,2024-07-15
C0127,Jessica Thomas,jessica.thomas@datastream.io,LATAM,Mid-Market,Active,2025-08-16
C0128,James Smith,james.smith@hypergrowth.co,North America,SMB,Active,2022-09-17
C0129,Mary Brown,mary.brown@apexanalytics.net,Europe,Enterprise,Active,2023-10-18
C0130,John Davis,john.davis@metrics.org,Asia,Mid-Market,Active,2024-11-19
C0131,Patricia Wilson,patricia.wilson@synergycorp.com,LATAM,SMB,Active,2025-12-20
C0132,Robert Taylor,robert.taylor@cloudtech.com,North America,Enterprise,Active,2022-01-21
C0133,Jennifer Moore,jennifer.moore@datastream.io,Europe,Mid-Market,Active,2023-02-22
C0134,Michael Williams,michael.williams@hypergrowth.co,Asia,SMB,Active,2024-03-23
C0135,Linda Miller,linda.miller@apexanalytics.net,LATAM,Enterprise,Active,2025-04-24
C0136,William Rodriguez,william.rodriguez@metrics.org,North America,Mid-Market,Churned,2022-05-25
C0137,Elizabeth Anderson,elizabeth.anderson@synergycorp.com,Europe,SMB,Active,2023-06-26
C0138,David Hernandez,david.hernandez@cloudtech.com,Asia,Enterprise,Active,2024-07-27
C0139,Barbara Johnson,barbara.johnson@datastream.io,LATAM,Mid-Market,Active,2025-08-28
C0140,Richard Jones,richard.jones@hypergrowth.co,North America,SMB,Active,2022-09-01
C0141,Susan Garcia,susan.garcia@apexanalytics.net,Europe,Enterprise,Active,2023-10-02
C0142,Joseph Martinez,joseph.martinez@metrics.org,Asia,Mid-Market,Active,2024-11-03
C0143,Jessica Thomas,jessica.thomas@synergycorp.com,LATAM,SMB,Active,2025-12-04
C0144,James Smith,james.smith@cloudtech.com,North America,Enterprise,Active,2022-01-05
C0145,Mary Brown,mary.brown@datastream.io,Europe,Mid-Market,Active,2023-02-06
C0146,John Davis,john.davis@hypergrowth.co,Asia,SMB,Active,2024-03-07
C0147,Patricia Wilson,patricia.wilson@apexanalytics.net,LATAM,Enterprise,Active,2025-04-08
C0148,Robert Taylor,robert.taylor@metrics.org,North America,Mid-Market,Active,2022-05-09
C0149,Jennifer Moore,jennifer.moore@synergycorp.com,Europe,SMB,Active,2023-06-10
C0150,Michael Williams,michael.williams@cloudtech.com,Asia,Enterprise,Active,2024-07-11
C0151,Linda Miller,linda.miller@datastream.io,LATAM,Mid-Market,Active,2025-08-12
C0152,William Rodriguez,william.rodriguez@hypergrowth.co,North America,SMB,Active,2022-09-13
C0153,Elizabeth Anderson,elizabeth.anderson@apexanalytics.net,Europe,Enterprise,Churned,2023-10-14
C0154,David Hernandez,david.hernandez@metrics.org,Asia,Mid-Market,Active,2024-11-15
C0155,Barbara Johnson,barbara.johnson@synergycorp.com,LATAM,SMB,Active,2025-12-16
C0156,Richard Jones,richard.jones@cloudtech.com,North America,Enterprise,Active,2022-01-17
C0157,Susan Garcia,susan.garcia@datastream.io,Europe,Mid-Market,Active,2023-02-18
C0158,Joseph Martinez,joseph.martinez@hypergrowth.co,Asia,SMB,Active,2024-03-19
C0159,Jessica Thomas,jessica.thomas@apexanalytics.net,LATAM,Enterprise,Active,2025-04-20
C0160,James Smith,james.smith@metrics.org,North America,Mid-Market,Active,2022-05-21
C0161,Mary Brown,mary.brown@synergycorp.com,Europe,SMB,Active,2023-06-22
C0162,John Davis,john.davis@cloudtech.com,Asia,Enterprise,Active,2024-07-23
C0163,Patricia Wilson,patricia.wilson@datastream.io,LATAM,Mid-Market,Active,2025-08-24
C0164,Robert Taylor,robert.taylor@hypergrowth.co,North America,SMB,Active,2022-09-25
C0165,Jennifer Moore,jennifer.moore@apexanalytics.net,Europe,Enterprise,Active,2023-10-26
C0166,Michael Williams,michael.williams@metrics.org,Asia,Mid-Market,Active,2024-11-27
C0167,Linda Miller,linda.miller@synergycorp.com,LATAM,SMB,Active,2025-12-28
C0168,William Rodriguez,william.rodriguez@cloudtech.com,North America,Enterprise,Active,2022-01-01
C0169,Elizabeth Anderson,elizabeth.anderson@datastream.io,Europe,Mid-Market,Active,2023-02-02
C0170,David Hernandez,david.hernandez@hypergrowth.co,Asia,SMB,Churned,2024-03-03
C0171,Barbara Johnson,barbara.johnson@apexanalytics.net,LATAM,Enterprise,Active,2025-04-04
C0172,Richard Jones,richard.jones@metrics.org,North America,Mid-Market,Active,2022-05-05
C0173,Susan Garcia,susan.garcia@synergycorp.com,Europe,SMB,Active,2023-06-06
C0174,Joseph Martinez,joseph.martinez@cloudtech.com,Asia,Enterprise,Active,2024-07-07
C0175,Jessica Thomas,jessica.thomas@datastream.io,LATAM,Mid-Market,Active,2025-08-08
C0176,James Smith,james.smith@hypergrowth.co,North America,SMB,Active,2022-09-09
C0177,Mary Brown,mary.brown@apexanalytics.net,Europe,Enterprise,Active,2023-10-10
C0178,John Davis,john.davis@metrics.org,Asia,Mid-Market,Active,2024-11-11
C0179,Patricia Wilson,patricia.wilson@synergycorp.com,LATAM,SMB,Active,2025-12-12
C0180,Robert Taylor,robert.taylor@cloudtech.com,North America,Enterprise,Active,2022-01-13
C0181,Jennifer Moore,jennifer.moore@datastream.io,Europe,Mid-Market,Active,2023-02-14
C0182,Michael Williams,michael.williams@hypergrowth.co,Asia,SMB,Active,2024-03-15
C0183,Linda Miller,linda.miller@apexanalytics.net,LATAM,Enterprise,Active,2025-04-16
C0184,William Rodriguez,william.rodriguez@metrics.org,North America,Mid-Market,Active,2022-05-17
C0185,Elizabeth Anderson,elizabeth.anderson@synergycorp.com,Europe,SMB,Active,2023-06-18
C0186,David Hernandez,david.hernandez@cloudtech.com,Asia,Enterprise,Active,2024-07-19
C0187,Barbara Johnson,barbara.johnson@datastream.io,LATAM,Mid-Market,Churned,2025-08-20
C0188,Richard Jones,richard.jones@hypergrowth.co,North America,SMB,Active,2022-09-21
C0189,Susan Garcia,susan.garcia@apexanalytics.net,Europe,Enterprise,Active,2023-10-22
C0190,Joseph Martinez,joseph.martinez@metrics.org,Asia,Mid-Market,Active,2024-11-23
C0191,Jessica Thomas,jessica.thomas@synergycorp.com,LATAM,SMB,Active,2025-12-24
C0192,James Smith,james.smith@cloudtech.com,North America,Enterprise,Active,2022-01-25
C0193,Mary Brown,mary.brown@datastream.io,Europe,Mid-Market,Active,2023-02-26
C0194,John Davis,john.davis@hypergrowth.co,Asia,SMB,Active,2024-03-27
C0195,Patricia Wilson,patricia.wilson@apexanalytics.net,LATAM,Enterprise,Active,2025-04-28
C0196,Robert Taylor,robert.taylor@metrics.org,North America,Mid-Market,Active,2022-05-01
C0197,Jennifer Moore,jennifer.moore@synergycorp.com,Europe,SMB,Active,2023-06-02
C0198,Michael Williams,michael.williams@cloudtech.com,Asia,Enterprise,Active,2024-07-03
C0199,Linda Miller,linda.miller@datastream.io,LATAM,Mid-Market,Active,2025-08-04
C0200,William Rodriguez,william.rodriguez@hypergrowth.co,North America,SMB,Active,2022-09-05
C0201,Elizabeth Anderson,elizabeth.anderson@apexanalytics.net,Europe,Enterprise,Active,2023-10-06
C0202,David Hernandez,david.hernandez@metrics.org,Asia,Mid-Market,Active,2024-11-07
C0203,Barbara Johnson,barbara.johnson@synergycorp.com,LATAM,SMB,Active,2025-12-08
C0204,Richard Jones,richard.jones@cloudtech.com,North America,Enterprise,Churned,2022-01-09
C0205,Susan Garcia,susan.garcia@datastream.io,Europe,Mid-Market,Active,2023-02-10
C0206,Joseph Martinez,joseph.martinez@hypergrowth.co,Asia,SMB,Active,2024-03-11
C0207,Jessica Thomas,jessica.thomas@apexanalytics.net,LATAM,Enterprise,Active,2025-04-12
C0208,James Smith,james.smith@metrics.org,North America,Mid-Market,Active,2022-05-13
C0209,Mary Brown,mary.brown@synergycorp.com,Europe,SMB,Active,2023-06-14
C0210,John Davis,john.davis@cloudtech.com,Asia,Enterprise,Active,2024-07-15
C0211,Patricia Wilson,patricia.wilson@datastream.io,LATAM,Mid-Market,Active,2025-08-16
C0212,Robert Taylor,robert.taylor@hypergrowth.co,North America,SMB,Active,2022-09-17
C0213,Jennifer Moore,jennifer.moore@apexanalytics.net,Europe,Enterprise,Active,2023-10-18
C0214,Michael Williams,michael.williams@metrics.org,Asia,Mid-Market,Active,2024-11-19
C0215,Linda Miller,linda.miller@synergycorp.com,LATAM,SMB,Active,2025-12-20
C0216,William Rodriguez,william.rodriguez@cloudtech.com,North America,Enterprise,Active,2022-01-21
C0217,Elizabeth Anderson,elizabeth.anderson@datastream.io,Europe,Mid-Market,Active,2023-02-22
C0218,David Hernandez,david.hernandez@hypergrowth.co,Asia,SMB,Active,2024-03-23
C0219,Barbara Johnson,barbara.johnson@apexanalytics.net,LATAM,Enterprise,Active,2025-04-24
C0220,Richard Jones,richard.jones@metrics.org,North America,Mid-Market,Active,2022-05-25
C0221,Susan Garcia,susan.garcia@synergycorp.com,Europe,SMB,Churned,2023-06-26
C0222,Joseph Martinez,joseph.martinez@cloudtech.com,Asia,Enterprise,Active,2024-07-27
C0223,Jessica Thomas,jessica.thomas@datastream.io,LATAM,Mid-Market,Active,2025-08-28
C0224,James Smith,james.smith@hypergrowth.co,North America,SMB,Active,2022-09-01
C0225,Mary Brown,mary.brown@apexanalytics.net,Europe,Enterprise,Active,2023-10-02
C0226,John Davis,john.davis@metrics.org,Asia,Mid-Market,Active,2024-11-03
C0227,Patricia Wilson,patricia.wilson@synergycorp.com,LATAM,SMB,Active,2025-12-04
C0228,Robert Taylor,robert.taylor@cloudtech.com,North America,Enterprise,Active,2022-01-05
C0229,Jennifer Moore,jennifer.moore@datastream.io,Europe,Mid-Market,Active,2023-02-06
C0230,Michael Williams,michael.williams@hypergrowth.co,Asia,SMB,Active,2024-03-07
C0231,Linda Miller,linda.miller@apexanalytics.net,LATAM,Enterprise,Active,2025-04-08
C0232,William Rodriguez,william.rodriguez@metrics.org,North America,Mid-Market,Active,2022-05-09
C0233,Elizabeth Anderson,elizabeth.anderson@synergycorp.com,Europe,SMB,Active,2023-06-10
C0234,David Hernandez,david.hernandez@cloudtech.com,Asia,Enterprise,Active,2024-07-11
C0235,Barbara Johnson,barbara.johnson@datastream.io,LATAM,Mid-Market,Active,2025-08-12
C0236,Richard Jones,richard.jones@hypergrowth.co,North America,SMB,Active,2022-09-13
C0237,Susan Garcia,susan.garcia@apexanalytics.net,Europe,Enterprise,Active,2023-10-14
C0238,Joseph Martinez,joseph.martinez@metrics.org,Asia,Mid-Market,Churned,2024-11-15
C0239,Jessica Thomas,jessica.thomas@synergycorp.com,LATAM,SMB,Active,2025-12-16
C0240,James Smith,james.smith@cloudtech.com,North America,Enterprise,Active,2022-01-17
C0241,Mary Brown,mary.brown@datastream.io,Europe,Mid-Market,Active,2023-02-18
C0242,John Davis,john.davis@hypergrowth.co,Asia,SMB,Active,2024-03-19
C0243,Patricia Wilson,patricia.wilson@apexanalytics.net,LATAM,Enterprise,Active,2025-04-20
C0244,Robert Taylor,robert.taylor@metrics.org,North America,Mid-Market,Active,2022-05-21
C0245,Jennifer Moore,jennifer.moore@synergycorp.com,Europe,SMB,Active,2023-06-22
C0246,Michael Williams,michael.williams@cloudtech.com,Asia,Enterprise,Active,2024-07-23
C0247,Linda Miller,linda.miller@datastream.io,LATAM,Mid-Market,Active,2025-08-24
C0248,William Rodriguez,william.rodriguez@hypergrowth.co,North America,SMB,Active,2022-09-25
C0249,Elizabeth Anderson,elizabeth.anderson@apexanalytics.net,Europe,Enterprise,Active,2023-10-26
C0250,David Hernandez,david.hernandez@metrics.org,Asia,Mid-Market,Active,2024-11-27
C0251,Barbara Johnson,barbara.johnson@synergycorp.com,LATAM,SMB,Active,2025-12-28
C0252,Richard Jones,richard.jones@cloudtech.com,North America,Enterprise,Active,2022-01-01
C0253,Susan Garcia,susan.garcia@datastream.io,Europe,Mid-Market,Active,2023-02-02
C0254,Joseph Martinez,joseph.martinez@hypergrowth.co,Asia,SMB,Active,2024-03-03
C0255,Jessica Thomas,jessica.thomas@apexanalytics.net,LATAM,Enterprise,Churned,2025-04-04
C0256,James Smith,james.smith@metrics.org,North America,Mid-Market,Active,2022-05-05
C0257,Mary Brown,mary.brown@synergycorp.com,Europe,SMB,Active,2023-06-06
C0258,John Davis,john.davis@cloudtech.com,Asia,Enterprise,Active,2024-07-07
C0259,Patricia Wilson,patricia.wilson@datastream.io,LATAM,Mid-Market,Active,2025-08-08
C0260,Robert Taylor,robert.taylor@hypergrowth.co,North America,SMB,Active,2022-09-09
C0261,Jennifer Moore,jennifer.moore@apexanalytics.net,Europe,Enterprise,Active,2023-10-10
C0262,Michael Williams,michael.williams@metrics.org,Asia,Mid-Market,Active,2024-11-11
C0263,Linda Miller,linda.miller@synergycorp.com,LATAM,SMB,Active,2025-12-12
C0264,William Rodriguez,william.rodriguez@cloudtech.com,North America,Enterprise,Active,2022-01-13
C0265,Elizabeth Anderson,elizabeth.anderson@datastream.io,Europe,Mid-Market,Active,2023-02-14
C0266,David Hernandez,david.hernandez@hypergrowth.co,Asia,SMB,Active,2024-03-15
C0267,Barbara Johnson,barbara.johnson@apexanalytics.net,LATAM,Enterprise,Active,2025-04-16
C0268,Richard Jones,richard.jones@metrics.org,North America,Mid-Market,Active,2022-05-17
C0269,Susan Garcia,susan.garcia@synergycorp.com,Europe,SMB,Active,2023-06-18
C0270,Joseph Martinez,joseph.martinez@cloudtech.com,Asia,Enterprise,Active,2024-07-19
C0271,Jessica Thomas,jessica.thomas@datastream.io,LATAM,Mid-Market,Active,2025-08-20
C0272,James Smith,james.smith@hypergrowth.co,North America,SMB,Churned,2022-09-21
C0273,Mary Brown,mary.brown@apexanalytics.net,Europe,Enterprise,Active,2023-10-22
C0274,John Davis,john.davis@metrics.org,Asia,Mid-Market,Active,2024-11-23
C0275,Patricia Wilson,patricia.wilson@synergycorp.com,LATAM,SMB,Active,2025-12-24
C0276,Robert Taylor,robert.taylor@cloudtech.com,North America,Enterprise,Active,2022-01-25
C0277,Jennifer Moore,jennifer.moore@datastream.io,Europe,Mid-Market,Active,2023-02-26
C0278,Michael Williams,michael.williams@hypergrowth.co,Asia,SMB,Active,2024-03-27
C0279,Linda Miller,linda.miller@apexanalytics.net,LATAM,Enterprise,Active,2025-04-28
C0280,William Rodriguez,william.rodriguez@metrics.org,North America,Mid-Market,Active,2022-05-01
C0281,Elizabeth Anderson,elizabeth.anderson@synergycorp.com,Europe,SMB,Active,2023-06-02
C0282,David Hernandez,david.hernandez@cloudtech.com,Asia,Enterprise,Active,2024-07-03
C0283,Barbara Johnson,barbara.johnson@datastream.io,LATAM,Mid-Market,Active,2025-08-04
C0284,Richard Jones,richard.jones@hypergrowth.co,North America,SMB,Active,2022-09-05
C0285,Susan Garcia,susan.garcia@apexanalytics.net,Europe,Enterprise,Active,2023-10-06
C0286,Joseph Martinez,joseph.martinez@metrics.org,Asia,Mid-Market,Active,2024-11-07
C0287,Jessica Thomas,jessica.thomas@synergycorp.com,LATAM,SMB,Active,2025-12-08
C0288,James Smith,james.smith@cloudtech.com,North America,Enterprise,Active,2022-01-09
C0289,Mary Brown,mary.brown@datastream.io,Europe,Mid-Market,Churned,2023-02-10
C0290,John Davis,john.davis@hypergrowth.co,Asia,SMB,Active,2024-03-11
C0291,Patricia Wilson,patricia.wilson@apexanalytics.net,LATAM,Enterprise,Active,2025-04-12
C0292,Robert Taylor,robert.taylor@metrics.org,North America,Mid-Market,Active,2022-05-13
C0293,Jennifer Moore,jennifer.moore@synergycorp.com,Europe,SMB,Active,2023-06-14
C0294,Michael Williams,michael.williams@cloudtech.com,Asia,Enterprise,Active,2024-07-15
C0295,Linda Miller,linda.miller@datastream.io,LATAM,Mid-Market,Active,2025-08-16
C0296,William Rodriguez,william.rodriguez@hypergrowth.co,North America,SMB,Active,2022-09-17
C0297,Elizabeth Anderson,elizabeth.anderson@apexanalytics.net,Europe,Enterprise,Active,2023-10-18
C0298,David Hernandez,david.hernandez@metrics.org,Asia,Mid-Market,Active,2024-11-19
C0299,Barbara Johnson,barbara.johnson@synergycorp.com,LATAM,SMB,Active,2025-12-20
C0300,Richard Jones,richard.jones@cloudtech.com,North America,Enterprise,Active,2022-01-21
C0301,Susan Garcia,susan.garcia@datastream.io,Europe,Mid-Market,Active,2023-02-22
C0302,Joseph Martinez,joseph.martinez@hypergrowth.co,Asia,SMB,Active,2024-03-23
C0303,Jessica Thomas,jessica.thomas@apexanalytics.net,LATAM,Enterprise,Active,2025-04-24
C0304,James Smith,james.smith@metrics.org,North America,Mid-Market,Active,2022-05-25
C0305,Mary Brown,mary.brown@synergycorp.com,Europe,SMB,Active,2023-06-26
C0306,John Davis,john.davis@cloudtech.com,Asia,Enterprise,Churned,2024-07-27
C0307,Patricia Wilson,patricia.wilson@datastream.io,LATAM,Mid-Market,Active,2025-08-28
C0308,Robert Taylor,robert.taylor@hypergrowth.co,North America,SMB,Active,2022-09-01
C0309,Jennifer Moore,jennifer.moore@apexanalytics.net,Europe,Enterprise,Active,2023-10-02
C0310,Michael Williams,michael.williams@metrics.org,Asia,Mid-Market,Active,2024-11-03
C0311,Linda Miller,linda.miller@synergycorp.com,LATAM,SMB,Active,2025-12-04
C0312,William Rodriguez,william.rodriguez@cloudtech.com,North America,Enterprise,Active,2022-01-05
C0313,Elizabeth Anderson,elizabeth.anderson@datastream.io,Europe,Mid-Market,Active,2023-02-06
C0314,David Hernandez,david.hernandez@hypergrowth.co,Asia,SMB,Active,2024-03-07
C0315,Barbara Johnson,barbara.johnson@apexanalytics.net,LATAM,Enterprise,Active,2025-04-08
C0316,Richard Jones,richard.jones@metrics.org,North America,Mid-Market,Active,2022-05-09
C0317,Susan Garcia,susan.garcia@synergycorp.com,Europe,SMB,Active,2023-06-10
C0318,Joseph Martinez,joseph.martinez@cloudtech.com,Asia,Enterprise,Active,2024-07-11
C0319,Jessica Thomas,jessica.thomas@datastream.io,LATAM,Mid-Market,Active,2025-08-12
C0320,James Smith,james.smith@hypergrowth.co,North America,SMB,Active,2022-09-13
C0321,Mary Brown,mary.brown@apexanalytics.net,Europe,Enterprise,Active,2023-10-14
C0322,John Davis,john.davis@metrics.org,Asia,Mid-Market,Active,2024-11-15
C0323,Patricia Wilson,patricia.wilson@synergycorp.com,LATAM,SMB,Churned,2025-12-16
C0324,Robert Taylor,robert.taylor@cloudtech.com,North America,Enterprise,Active,2022-01-17
C0325,Jennifer Moore,jennifer.moore@datastream.io,Europe,Mid-Market,Active,2023-02-18
C0326,Michael Williams,michael.williams@hypergrowth.co,Asia,SMB,Active,2024-03-19
C0327,Linda Miller,linda.miller@apexanalytics.net,LATAM,Enterprise,Active,2025-04-20
C0328,William Rodriguez,william.rodriguez@metrics.org,North America,Mid-Market,Active,2022-05-21
C0329,Elizabeth Anderson,elizabeth.anderson@synergycorp.com,Europe,SMB,Active,2023-06-22
C0330,David Hernandez,david.hernandez@cloudtech.com,Asia,Enterprise,Active,2024-07-23
C0331,Barbara Johnson,barbara.johnson@datastream.io,LATAM,Mid-Market,Active,2025-08-24
C0332,Richard Jones,richard.jones@hypergrowth.co,North America,SMB,Active,2022-09-25
C0333,Susan Garcia,susan.garcia@apexanalytics.net,Europe,Enterprise,Active,2023-10-26
C0334,Joseph Martinez,joseph.martinez@metrics.org,Asia,Mid-Market,Active,2024-11-27
C0335,Jessica Thomas,jessica.thomas@synergycorp.com,LATAM,SMB,Active,2025-12-28
C0336,James Smith,james.smith@cloudtech.com,North America,Enterprise,Active,2022-01-01
C0337,Mary Brown,mary.brown@datastream.io,Europe,Mid-Market,Active,2023-02-02
C0338,John Davis,john.davis@hypergrowth.co,Asia,SMB,Active,2024-03-03
C0339,Patricia Wilson,patricia.wilson@apexanalytics.net,LATAM,Enterprise,Active,2025-04-04
C0340,Robert Taylor,robert.taylor@metrics.org,North America,Mid-Market,Churned,2022-05-05
C0341,Jennifer Moore,jennifer.moore@synergycorp.com,Europe,SMB,Active,2023-06-06
C0342,Michael Williams,michael.williams@cloudtech.com,Asia,Enterprise,Active,2024-07-07
C0343,Linda Miller,linda.miller@datastream.io,LATAM,Mid-Market,Active,2025-08-08
C0344,William Rodriguez,william.rodriguez@hypergrowth.co,North America,SMB,Active,2022-09-09
C0345,Elizabeth Anderson,elizabeth.anderson@apexanalytics.net,Europe,Enterprise,Active,2023-10-10
C0346,David Hernandez,david.hernandez@metrics.org,Asia,Mid-Market,Active,2024-11-11
C0347,Barbara Johnson,barbara.johnson@synergycorp.com,LATAM,SMB,Active,2025-12-12
C0348,Richard Jones,richard.jones@cloudtech.com,North America,Enterprise,Active,2022-01-13
C0349,Susan Garcia,susan.garcia@datastream.io,Europe,Mid-Market,Active,2023-02-14
C0350,Joseph Martinez,joseph.martinez@hypergrowth.co,Asia,SMB,Active,2024-03-15
C0351,Jessica Thomas,jessica.thomas@apexanalytics.net,LATAM,Enterprise,Active,2025-04-16
C0352,James Smith,james.smith@metrics.org,North America,Mid-Market,Active,2022-05-17
C0353,Mary Brown,mary.brown@synergycorp.com,Europe,SMB,Active,2023-06-18
C0354,John Davis,john.davis@cloudtech.com,Asia,Enterprise,Active,2024-07-19
C0355,Patricia Wilson,patricia.wilson@datastream.io,LATAM,Mid-Market,Active,2025-08-20
C0356,Robert Taylor,robert.taylor@hypergrowth.co,North America,SMB,Active,2022-09-21
C0357,Jennifer Moore,jennifer.moore@apexanalytics.net,Europe,Enterprise,Churned,2023-10-22
C0358,Michael Williams,michael.williams@metrics.org,Asia,Mid-Market,Active,2024-11-23
C0359,Linda Miller,linda.miller@synergycorp.com,LATAM,SMB,Active,2025-12-24
C0360,William Rodriguez,william.rodriguez@cloudtech.com,North America,Enterprise,Active,2022-01-25
C0361,Elizabeth Anderson,elizabeth.anderson@datastream.io,Europe,Mid-Market,Active,2023-02-26
C0362,David Hernandez,david.hernandez@hypergrowth.co,Asia,SMB,Active,2024-03-27
C0363,Barbara Johnson,barbara.johnson@apexanalytics.net,LATAM,Enterprise,Active,2025-04-28
C0364,Richard Jones,richard.jones@metrics.org,North America,Mid-Market,Active,2022-05-01
C0365,Susan Garcia,susan.garcia@synergycorp.com,Europe,SMB,Active,2023-06-02
C0366,Joseph Martinez,joseph.martinez@cloudtech.com,Asia,Enterprise,Active,2024-07-03
C0367,Jessica Thomas,jessica.thomas@datastream.io,LATAM,Mid-Market,Active,2025-08-04
C0368,James Smith,james.smith@hypergrowth.co,North America,SMB,Active,2022-09-05
C0369,Mary Brown,mary.brown@apexanalytics.net,Europe,Enterprise,Active,2023-10-06
C0370,John Davis,john.davis@metrics.org,Asia,Mid-Market,Active,2024-11-07
C0371,Patricia Wilson,patricia.wilson@synergycorp.com,LATAM,SMB,Active,2025-12-08
C0372,Robert Taylor,robert.taylor@cloudtech.com,North America,Enterprise,Active,2022-01-09
C0373,Jennifer Moore,jennifer.moore@datastream.io,Europe,Mid-Market,Active,2023-02-10
C0374,Michael Williams,michael.williams@hypergrowth.co,Asia,SMB,Churned,2024-03-11
C0375,Linda Miller,linda.miller@apexanalytics.net,LATAM,Enterprise,Active,2025-04-12
C0376,William Rodriguez,william.rodriguez@metrics.org,North America,Mid-Market,Active,2022-05-13
C0377,Elizabeth Anderson,elizabeth.anderson@synergycorp.com,Europe,SMB,Active,2023-06-14
C0378,David Hernandez,david.hernandez@cloudtech.com,Asia,Enterprise,Active,2024-07-15
C0379,Barbara Johnson,barbara.johnson@datastream.io,LATAM,Mid-Market,Active,2025-08-16
C0380,Richard Jones,richard.jones@hypergrowth.co,North America,SMB,Active,2022-09-17
C0381,Susan Garcia,susan.garcia@apexanalytics.net,Europe,Enterprise,Active,2023-10-18
C0382,Joseph Martinez,joseph.martinez@metrics.org,Asia,Mid-Market,Active,2024-11-19
C0383,Jessica Thomas,jessica.thomas@synergycorp.com,LATAM,SMB,Active,2025-12-20
C0384,James Smith,james.smith@cloudtech.com,North America,Enterprise,Active,2022-01-21
C0385,Mary Brown,mary.brown@datastream.io,Europe,Mid-Market,Active,2023-02-22
C0386,John Davis,john.davis@hypergrowth.co,Asia,SMB,Active,2024-03-23
C0387,Patricia Wilson,patricia.wilson@apexanalytics.net,LATAM,Enterprise,Active,2025-04-24
C0388,Robert Taylor,robert.taylor@metrics.org,North America,Mid-Market,Active,2022-05-25
C0389,Jennifer Moore,jennifer.moore@synergycorp.com,Europe,SMB,Active,2023-06-26
C0390,Michael Williams,michael.williams@cloudtech.com,Asia,Enterprise,Active,2024-07-27
C0391,Linda Miller,linda.miller@datastream.io,LATAM,Mid-Market,Churned,2025-08-28
C0392,William Rodriguez,william.rodriguez@hypergrowth.co,North America,SMB,Active,2022-09-01
C0393,Elizabeth Anderson,elizabeth.anderson@apexanalytics.net,Europe,Enterprise,Active,2023-10-02
C0394,David Hernandez,david.hernandez@metrics.org,Asia,Mid-Market,Active,2024-11-03
C0395,Barbara Johnson,barbara.johnson@synergycorp.com,LATAM,SMB,Active,2025-12-04
C0396,Richard Jones,richard.jones@cloudtech.com,North America,Enterprise,Active,2022-01-05
C0397,Susan Garcia,susan.garcia@datastream.io,Europe,Mid-Market,Active,2023-02-06
C0398,Joseph Martinez,joseph.martinez@hypergrowth.co,Asia,SMB,Active,2024-03-07
C0399,Jessica Thomas,jessica.thomas@apexanalytics.net,LATAM,Enterprise,Active,2025-04-08
C0400,James Smith,james.smith@metrics.org,North America,Mid-Market,Active,2022-05-09
C0401,Mary Brown,mary.brown@synergycorp.com,Europe,SMB,Active,2023-06-10
C0402,John Davis,john.davis@cloudtech.com,Asia,Enterprise,Active,2024-07-11
C0403,Patricia Wilson,patricia.wilson@datastream.io,LATAM,Mid-Market,Active,2025-08-12
C0404,Robert Taylor,robert.taylor@hypergrowth.co,North America,SMB,Active,2022-09-13
C0405,Jennifer Moore,jennifer.moore@apexanalytics.net,Europe,Enterprise,Active,2023-10-14
C0406,Michael Williams,michael.williams@metrics.org,Asia,Mid-Market,Active,2024-11-15
C0407,Linda Miller,linda.miller@synergycorp.com,LATAM,SMB,Active,2025-12-16
C0408,William Rodriguez,william.rodriguez@cloudtech.com,North America,Enterprise,Churned,2022-01-17
C0409,Elizabeth Anderson,elizabeth.anderson@datastream.io,Europe,Mid-Market,Active,2023-02-18
C0410,David Hernandez,david.hernandez@hypergrowth.co,Asia,SMB,Active,2024-03-19
C0411,Barbara Johnson,barbara.johnson@apexanalytics.net,LATAM,Enterprise,Active,2025-04-20
C0412,Richard Jones,richard.jones@metrics.org,North America,Mid-Market,Active,2022-05-21
C0413,Susan Garcia,susan.garcia@synergycorp.com,Europe,SMB,Active,2023-06-22
C0414,Joseph Martinez,joseph.martinez@cloudtech.com,Asia,Enterprise,Active,2024-07-23
C0415,Jessica Thomas,jessica.thomas@datastream.io,LATAM,Mid-Market,Active,2025-08-24
C0416,James Smith,james.smith@hypergrowth.co,North America,SMB,Active,2022-09-25
C0417,Mary Brown,mary.brown@apexanalytics.net,Europe,Enterprise,Active,2023-10-26
C0418,John Davis,john.davis@metrics.org,Asia,Mid-Market,Active,2024-11-27
C0419,Patricia Wilson,patricia.wilson@synergycorp.com,LATAM,SMB,Active,2025-12-28
C0420,Robert Taylor,robert.taylor@cloudtech.com,North America,Enterprise,Active,2022-01-01
C0421,Jennifer Moore,jennifer.moore@datastream.io,Europe,Mid-Market,Active,2023-02-02
C0422,Michael Williams,michael.williams@hypergrowth.co,Asia,SMB,Active,2024-03-03
C0423,Linda Miller,linda.miller@apexanalytics.net,LATAM,Enterprise,Active,2025-04-04
C0424,William Rodriguez,william.rodriguez@metrics.org,North America,Mid-Market,Active,2022-05-05
C0425,Elizabeth Anderson,elizabeth.anderson@synergycorp.com,Europe,SMB,Churned,2023-06-06
C0426,David Hernandez,david.hernandez@cloudtech.com,Asia,Enterprise,Active,2024-07-07
C0427,Barbara Johnson,barbara.johnson@datastream.io,LATAM,Mid-Market,Active,2025-08-08
C0428,Richard Jones,richard.jones@hypergrowth.co,North America,SMB,Active,2022-09-09
C0429,Susan Garcia,susan.garcia@apexanalytics.net,Europe,Enterprise,Active,2023-10-10
C0430,Joseph Martinez,joseph.martinez@metrics.org,Asia,Mid-Market,Active,2024-11-11
C0431,Jessica Thomas,jessica.thomas@synergycorp.com,LATAM,SMB,Active,2025-12-12
C0432,James Smith,james.smith@cloudtech.com,North America,Enterprise,Active,2022-01-13
C0433,Mary Brown,mary.brown@datastream.io,Europe,Mid-Market,Active,2023-02-14
C0434,John Davis,john.davis@hypergrowth.co,Asia,SMB,Active,2024-03-15
C0435,Patricia Wilson,patricia.wilson@apexanalytics.net,LATAM,Enterprise,Active,2025-04-16
C0436,Robert Taylor,robert.taylor@metrics.org,North America,Mid-Market,Active,2022-05-17
C0437,Jennifer Moore,jennifer.moore@synergycorp.com,Europe,SMB,Active,2023-06-18
C0438,Michael Williams,michael.williams@cloudtech.com,Asia,Enterprise,Active,2024-07-19
C0439,Linda Miller,linda.miller@datastream.io,LATAM,Mid-Market,Active,2025-08-20
C0440,William Rodriguez,william.rodriguez@hypergrowth.co,North America,SMB,Active,2022-09-21
C0441,Elizabeth Anderson,elizabeth.anderson@apexanalytics.net,Europe,Enterprise,Active,2023-10-22
C0442,David Hernandez,david.hernandez@metrics.org,Asia,Mid-Market,Churned,2024-11-23
C0443,Barbara Johnson,barbara.johnson@synergycorp.com,LATAM,SMB,Active,2025-12-24
C0444,Richard Jones,richard.jones@cloudtech.com,North America,Enterprise,Active,2022-01-25
C0445,Susan Garcia,susan.garcia@datastream.io,Europe,Mid-Market,Active,2023-02-26
C0446,Joseph Martinez,joseph.martinez@hypergrowth.co,Asia,SMB,Active,2024-03-27
C0447,Jessica Thomas,jessica.thomas@apexanalytics.net,LATAM,Enterprise,Active,2025-04-28
C0448,James Smith,james.smith@metrics.org,North America,Mid-Market,Active,2022-05-01
C0449,Mary Brown,mary.brown@synergycorp.com,Europe,SMB,Active,2023-06-02
C0450,John Davis,john.davis@cloudtech.com,Asia,Enterprise,Active,2024-07-03
C0451,Patricia Wilson,patricia.wilson@datastream.io,LATAM,Mid-Market,Active,2025-08-04
C0452,Robert Taylor,robert.taylor@hypergrowth.co,North America,SMB,Active,2022-09-05
C0453,Jennifer Moore,jennifer.moore@apexanalytics.net,Europe,Enterprise,Active,2023-10-06
C0454,Michael Williams,michael.williams@metrics.org,Asia,Mid-Market,Active,2024-11-07
C0455,Linda Miller,linda.miller@synergycorp.com,LATAM,SMB,Active,2025-12-08
C0456,William Rodriguez,william.rodriguez@cloudtech.com,North America,Enterprise,Active,2022-01-09
C0457,Elizabeth Anderson,elizabeth.anderson@datastream.io,Europe,Mid-Market,Active,2023-02-10
C0458,David Hernandez,david.hernandez@hypergrowth.co,Asia,SMB,Active,2024-03-11
C0459,Barbara Johnson,barbara.johnson@apexanalytics.net,LATAM,Enterprise,Churned,2025-04-12
C0460,Richard Jones,richard.jones@metrics.org,North America,Mid-Market,Active,2022-05-13
C0461,Susan Garcia,susan.garcia@synergycorp.com,Europe,SMB,Active,2023-06-14
C0462,Joseph Martinez,joseph.martinez@cloudtech.com,Asia,Enterprise,Active,2024-07-15
C0463,Jessica Thomas,jessica.thomas@datastream.io,LATAM,Mid-Market,Active,2025-08-16
C0464,James Smith,james.smith@hypergrowth.co,North America,SMB,Active,2022-09-17
C0465,Mary Brown,mary.brown@apexanalytics.net,Europe,Enterprise,Active,2023-10-18
C0466,John Davis,john.davis@metrics.org,Asia,Mid-Market,Active,2024-11-19
C0467,Patricia Wilson,patricia.wilson@synergycorp.com,LATAM,SMB,Active,2025-12-20
C0468,Robert Taylor,robert.taylor@cloudtech.com,North America,Enterprise,Active,2022-01-21
C0469,Jennifer Moore,jennifer.moore@datastream.io,Europe,Mid-Market,Active,2023-02-22
C0470,Michael Williams,michael.williams@hypergrowth.co,Asia,SMB,Active,2024-03-23
C0471,Linda Miller,linda.miller@apexanalytics.net,LATAM,Enterprise,Active,2025-04-24
C0472,William Rodriguez,william.rodriguez@metrics.org,North America,Mid-Market,Active,2022-05-25
C0473,Elizabeth Anderson,elizabeth.anderson@synergycorp.com,Europe,SMB,Active,2023-06-26
C0474,David Hernandez,david.hernandez@cloudtech.com,Asia,Enterprise,Active,2024-07-27
C0475,Barbara Johnson,barbara.johnson@datastream.io,LATAM,Mid-Market,Active,2025-08-28
C0476,Richard Jones,richard.jones@hypergrowth.co,North America,SMB,Churned,2022-09-01
C0477,Susan Garcia,susan.garcia@apexanalytics.net,Europe,Enterprise,Active,2023-10-02
C0478,Joseph Martinez,joseph.martinez@metrics.org,Asia,Mid-Market,Active,2024-11-03
C0479,Jessica Thomas,jessica.thomas@synergycorp.com,LATAM,SMB,Active,2025-12-04
C0480,James Smith,james.smith@cloudtech.com,North America,Enterprise,Active,2022-01-05
C0481,Mary Brown,mary.brown@datastream.io,Europe,Mid-Market,Active,2023-02-06
C0482,John Davis,john.davis@hypergrowth.co,Asia,SMB,Active,2024-03-07
C0483,Patricia Wilson,patricia.wilson@apexanalytics.net,LATAM,Enterprise,Active,2025-04-08
C0484,Robert Taylor,robert.taylor@metrics.org,North America,Mid-Market,Active,2022-05-09
C0485,Jennifer Moore,jennifer.moore@synergycorp.com,Europe,SMB,Active,2023-06-10
C0486,Michael Williams,michael.williams@cloudtech.com,Asia,Enterprise,Active,2024-07-11
C0487,Linda Miller,linda.miller@datastream.io,LATAM,Mid-Market,Active,2025-08-12
C0488,William Rodriguez,william.rodriguez@hypergrowth.co,North America,SMB,Active,2022-09-13
C0489,Elizabeth Anderson,elizabeth.anderson@apexanalytics.net,Europe,Enterprise,Active,2023-10-14
C0490,David Hernandez,david.hernandez@metrics.org,Asia,Mid-Market,Active,2024-11-15
C0491,Barbara Johnson,barbara.johnson@synergycorp.com,LATAM,SMB,Active,2025-12-16
C0492,Richard Jones,richard.jones@cloudtech.com,North America,Enterprise,Active,2022-01-17
C0493,Susan Garcia,susan.garcia@datastream.io,Europe,Mid-Market,Churned,2023-02-18
C0494,Joseph Martinez,joseph.martinez@hypergrowth.co,Asia,SMB,Active,2024-03-19
C0495,Jessica Thomas,jessica.thomas@apexanalytics.net,LATAM,Enterprise,Active,2025-04-20
C0496,James Smith,james.smith@metrics.org,North America,Mid-Market,Active,2022-05-21
C0497,Mary Brown,mary.brown@synergycorp.com,Europe,SMB,Active,2023-06-22
C0498,John Davis,john.davis@cloudtech.com,Asia,Enterprise,Active,2024-07-23
C0499,Patricia Wilson,patricia.wilson@datastream.io,LATAM,Mid-Market,Active,2025-08-24
C0500,Robert Taylor,robert.taylor@hypergrowth.co,North America,SMB,Active,2022-09-25